"timeStamp","URL","blogName","title","tags","body"
"2023-06-19 09:38:39 GMT","https://pukicho.tumblr.com/post/720547369208446976/i-have-chosen-to-strike-first-thanks-all","pukicho","","[]","Guys i have to get my blood drawn tomorrow what do i do 

I have chosen to strike first. thanks all."
"2023-06-19 01:42:52 GMT","https://pukicho.tumblr.com/post/720517435735900160/guys-i-have-to-get-my-blood-drawn-tomorrow-what-do","pukicho","","[]","Guys i have to get my blood drawn tomorrow what do i do"
"2023-06-18 04:24:27 GMT","https://pukicho.tumblr.com/post/720437003702960128/organic","pukicho","","[]","organic"
"2023-06-14 05:53:30 GMT","https://pukicho.tumblr.com/post/720080219400241152/pukicho-pukicho-i-am-so-lonely-sike-i-am","pukicho","","[]","pukicho:

i am so lonely 

SIKE! I am actually badass as fuck 

*rides my harley davison into a gas station, killing three"
"2023-06-12 20:06:13 GMT","https://pukicho.tumblr.com/post/719952673462468608/nyancrimew-pukicho-pukicho-heaven-for","pukicho","","[]","nyancrimew:

pukicho:

  Pukicho heaven 

for pukicho there is only hell

Your suffering is my heaven"
"2023-06-12 02:23:14 GMT","https://pukicho.tumblr.com/post/719885796460658688/pukicho-heaven","pukicho","","[]","Pukicho heaven"
"2023-06-08 23:49:35 GMT","https://pukicho.tumblr.com/post/719604338595594240/huge-news-my-neighborhood-has-a-new-golden","pukicho","","[]","huge news, my neighborhood has a new golden retriever puppy who goes for walks every single day and he passes by my house"
"2023-06-02 22:13:13 GMT","https://pukicho.tumblr.com/post/719054693778751488/songstress-azuras-pukicho-guys-it-seems","pukicho","","[]","songstress-azuras:

pukicho:

  guys, it seems tumblr went woke"
"2023-06-02 22:01:50 GMT","https://pukicho.tumblr.com/post/719053977841549312/truches-pukicho-pukicho-shower-thoughts","pukicho","","[]","truches:

pukicho:

  pukicho:

Shower thoughts: water

soap

Breag

nice one buddy"
"2023-06-02 21:59:35 GMT","https://pukicho.tumblr.com/post/719053835972263936/guys-it-seems-tumblr-went-woke","pukicho","","[]","guys, it seems tumblr went woke"
"2023-06-01 06:54:02 GMT","https://pukicho.tumblr.com/post/718906267187412992/pukicho-shower-thoughts-water-soap","pukicho","","[]","Shower thoughts: water

soap"
"2023-06-01 06:53:54 GMT","https://pukicho.tumblr.com/post/718906258479022080/shower-thoughts-water","pukicho","","[]","Shower thoughts: water"
"2023-05-31 00:05:12 GMT","https://pukicho.tumblr.com/post/718789947909423104/taking-a-shower-in-the-morning-is-crazy-u-go-to","pukicho","","[]","taking a shower in the morning is crazy, u go to bed stinky, you little shit?"
"2023-05-30 23:52:25 GMT","https://pukicho.tumblr.com/post/718789144339513344/this-shit-sounds-like-ass","pukicho","","[]","This shit sounds like ass"
"2023-05-28 00:59:12 GMT","https://pukicho.tumblr.com/post/718521554560040960","pukicho","","[]","sardonic-the-writer:

pukicho:

Slutting around the library, pretending to read books so everyone thinks I‚Äôm smart (I‚Äôm not)

This is bait no one respond

Kill you"
"2023-05-27 02:48:26 GMT","https://pukicho.tumblr.com/post/718437830217564160/welcome-to-wormrealm","pukicho","","[]","welcome to worm.realm"
"2023-05-26 03:16:01 GMT","https://pukicho.tumblr.com/post/718348968861564928/pukicho-oi-pukicho-needs-2-sell-stuff-to-live-i","pukicho","","[]","oi pukicho needs 2 sell stuff to live. I am selling a prophet 6 Keyboard edition AND a Fanatec racing wheel & wheel base. INQUIRE if u want that shit u silly babies. 

SYNTH FANS CAR FANS gimme gimme gimme"
"2023-05-26 01:23:31 GMT","https://pukicho.tumblr.com/post/718341891122462720/pukicho-i-love-how-u-can-see-a-number-next-to-the","pukicho","","[]","I love how u can see a number next to the askbox again, now if I say something fucked up, I know how many people want me dead

  ahhahahha"
"2023-05-26 00:49:28 GMT","https://pukicho.tumblr.com/post/718339748053352448/i-love-how-u-can-see-a-number-next-to-the-askbox","pukicho","","[]","I love how u can see a number next to the askbox again, now if I say something fucked up, I know how many people want me dead"
"2023-05-25 08:59:31 GMT","https://pukicho.tumblr.com/post/718279982212841472/oi-pukicho-needs-2-sell-stuff-to-live-i-am","pukicho","","[]","oi pukicho needs 2 sell stuff to live. I am selling a prophet 6 Keyboard edition AND a Fanatec racing wheel & wheel base. INQUIRE if u want that shit u silly babies."
"2023-05-25 04:19:19 GMT","https://pukicho.tumblr.com/post/718262353853071360/pukicho-blepm-pukicho-do-fish-get-thirsty","pukicho","","[]","blepm:

pukicho:

  do fish get thirsty? real answers only pls

well, they do piss so‚Ä¶

so what?

so fucking what???"
"2023-05-25 04:01:42 GMT","https://pukicho.tumblr.com/post/718261245282861056/do-fish-get-thirsty-real-answers-only-pls","pukicho","","[]","do fish get thirsty? real answers only pls"
"2023-05-20 21:45:31 GMT","https://pukicho.tumblr.com/post/717875190719201281/tinedrise-pukicho-glad-to-see-people-are","pukicho","","[]","tinedrise:

pukicho:

  Glad to see people are excited to see me 

‚Ä¶why‚Äôs there a /j puki?

it means joy"
"2023-05-20 21:44:19 GMT","https://pukicho.tumblr.com/post/717875114442686464/glad-to-see-people-are-excited-to-see-me","pukicho","","[]","Glad to see people are excited to see me"
"2023-05-20 04:00:00 GMT","https://pukicho.tumblr.com/post/717808154022379520/ssouppp-pukicho-elect-me-president-and-i","pukicho","","[]","ssouppp:

pukicho:

  elect me president and I promise to kill you horribly 

you prommy????? ü•∫ü•∫üòÖü´®üëç

You first"
"2023-05-20 03:48:20 GMT","https://pukicho.tumblr.com/post/717807419850440704/elect-me-president-and-i-promise-to-kill-you","pukicho","","[]","elect me president and I promise to kill you horribly"
"2023-05-14 05:54:23 GMT","https://pukicho.tumblr.com/post/717271768560254976/pukicho-i-hope-everyone-is-having-a-fucking-day","pukicho","","[]","I hope everyone is having a fucking day"
"2023-05-13 20:15:13 GMT","https://pukicho.tumblr.com/post/717235330352283648/lets-say-we-caught-conclusive-evidence-of-mothman","pukicho","","[]","Lets say we caught conclusive evidence of mothman caught on camera with the caveat that in this video we also see mothman killing and sucking the blood out of a fully grown man. How many people do you think would care about that man, and how many people do u think would just go ‚ÄúYEAHHH MOTHMAN IS REAL!‚Äù"
"2023-05-13 19:18:16 GMT","https://pukicho.tumblr.com/post/717231747101786112/welcome-back-to-the-internet-i-assume-youve-been","pukicho","","[]","furrytechgirl:

pukicho:

WTF every day i want french fries what is this

Crave that mineral, you are a goat.

Welcome back to the internet, I assume you‚Äôve been gone for 9 fucking years"
"2023-05-13 19:11:29 GMT","https://pukicho.tumblr.com/post/717231321003458560/wtf-every-day-i-want-french-fries-what-is-this","pukicho","","[]","WTF every day i want french fries what is this"
"2023-05-08 00:46:18 GMT","https://pukicho.tumblr.com/post/716708804196253696/trans-an4rchy-pukicho-i-inhaled-a-fuck-load-of","pukicho","","[]","trans-an4rchy:

pukicho:

  I inhaled a fuck load of harmful plastic fumes a couple months ago by burning ziploc bags with a hot scalding knife 

lore

What the fuck are you talking about"
"2023-05-08 00:44:56 GMT","https://pukicho.tumblr.com/post/716708717784072192/i-inhaled-a-fuck-load-of-harmful-plastic-fumes-a","pukicho","","[]","I inhaled a fuck load of harmful plastic fumes a couple months ago by burning ziploc bags with a hot scalding knife"
"2023-05-05 08:07:57 GMT","https://pukicho.tumblr.com/post/716464799513460736/is-anyone-else-unable-to-focus-or-do-anything-or","pukicho","","[]","is anyone else unable to focus or do anything or feel good if u hear even a fucking footstep from another fucking human being?"
"2023-05-02 21:55:32 GMT","https://pukicho.tumblr.com/post/716245075249741824/thygoddessouijathicc-pukicho","pukicho","","[]","thygoddessouijathicc:

pukicho:

  thegrimlockreaper:

pukicho:

  hungry hungry hippos taught me greed 

*gluttony

I am not eating small plastic balls 

Pussy

This is feeling like a very hostile place right now"
"2023-05-02 07:55:47 GMT","https://pukicho.tumblr.com/post/716192242744885248/hungry-hungry-hippos-taught-me-greed","pukicho","","[]","hungry hungry hippos taught me greed"
"2023-04-27 17:08:37 GMT","https://pukicho.tumblr.com/post/715774039272161280","pukicho","","[]","pukicho:

infinitycarrot1:

pukicho:

Guys i found a decapitated stretchy alien in an old toy box. Its so gross and old, take a look. 

I‚Äôm sorry but why does that look like my almost dead 60+ year old uncle who abused my mom and her sister when they were growing up üíÄ

How the fuck should I know

What does ‚Äúcaked up‚Äù mean"
"2023-04-27 07:34:06 GMT","https://pukicho.tumblr.com/post/715737893260394496/before-meeting-my-girlfriend-i-never-wouldve","pukicho","","['put this one in the puki ho wholesome YouTube compilation']","Before meeting my girlfriend I never would‚Äôve shared any of my food ever, because fuck you, you know? But I was eating this fancy chex mix and they have these tasty brown bits and they‚Äôre my favorite, and I never would‚Äôve shared those tasty little morsels beforehand, but getting to share it with her was somehow even better than outright eating it. So the moral of the story isn‚Äôt ‚Äúsharing is caring‚Äù because I would never EVER share my perfect tasty morsels with a fucking stranger, the moral of the story is to be a muscled stud and have a perfect chex mix-type girlfriend."
"2023-04-26 22:42:01 GMT","https://pukicho.tumblr.com/post/715704418284257280/how-the-fuck-should-i-know","pukicho","","[]","infinitycarrot1:

pukicho:

Guys i found a decapitated stretchy alien in an old toy box. Its so gross and old, take a look. 

I‚Äôm sorry but why does that look like my almost dead 60+ year old uncle who abused my mom and her sister when they were growing up üíÄ

How the fuck should I know"
"2023-04-26 20:10:41 GMT","https://pukicho.tumblr.com/post/715694896616472576/guys-i-found-a-decapitated-stretchy-alien-in-an","pukicho","","[]","Guys i found a decapitated stretchy alien in an old toy box. Its so gross and old, take a look."
"2023-04-22 22:23:54 GMT","https://pukicho.tumblr.com/post/715340890286276608/pukicho-hey-staff-its-me-pukicho-remove-tumblr","pukicho","","[]","hey staff its me, pukicho, remove tumblr live this instant . 

who the fuck blazed my post"
"2023-04-22 21:14:38 GMT","https://pukicho.tumblr.com/post/715336532872085504/hey-staff-its-me-pukicho-remove-tumblr-live-this","pukicho","","[]","hey staff its me, pukicho, remove tumblr live this instant ."
"2023-04-22 18:49:53 GMT","https://pukicho.tumblr.com/post/715327425794457600/i-love-how-spiderman-is-kinda-like-our-biggest","pukicho","","[]","I love how spiderman is kinda like our biggest guy. The Greeks had Odysseus, we have spiderman."
"2023-04-21 07:42:00 GMT","https://pukicho.tumblr.com/post/715194809407733760/pukicho-blepm-pukicho-dont-be-scared-even","pukicho","","[]","blepm:

pukicho:

  dont be scared, even cryptids probably cum

excuse me?

no matter how scary and weird they are, they still probably cum, its supposed to be a relaxing thought

I am relaxing you"
"2023-04-21 07:35:45 GMT","https://pukicho.tumblr.com/post/715194415453487104/dont-be-scared-even-cryptids-probably-cum","pukicho","","[]","dont be scared, even cryptids probably cum"
"2023-04-21 07:30:47 GMT","https://pukicho.tumblr.com/post/715194103572447232/i-have-eaten-so-much-astroturf","pukicho","","[]","omninb:

pukicho:

We really let those rich elites convince us golf is a sport. You let them get away with it too, you fucks. 

And what have you done about it, punk?

I have eaten so much AstroTurf"
"2023-04-21 07:29:16 GMT","https://pukicho.tumblr.com/post/715194007844716544/what-really-is-pukicho-we-will-do-extensive","pukicho","","[]","what really ‚Äòis‚Äô pukicho. we will do extensive research killing him"
"2023-04-19 09:51:58 GMT","https://pukicho.tumblr.com/post/715021791369756672/we-really-let-those-rich-elites-convince-us-golf","pukicho","","[]","We really let those rich elites convince us golf is a sport. You let them get away with it too, you fucks."
"2023-04-19 09:11:58 GMT","https://pukicho.tumblr.com/post/715019274724507648/i-can-say-and-do-anything-with-consequences","pukicho","","[]","I can say and do anything with consequences"
"2023-04-19 09:09:38 GMT","https://pukicho.tumblr.com/post/715019128217403392/thanks-for-adding-your-timezone-that-really-helps","pukicho","","[]","chaos‚Äìking:

pukicho:

Burping and coughing rn what‚Äôs up

Just got into work, 5am est

Thanks for adding your timezone that really helps"
"2023-04-19 09:06:18 GMT","https://pukicho.tumblr.com/post/715018918766460928/burping-and-coughing-rn-whats-up","pukicho","","[]","Burping and coughing rn what‚Äôs up"
"2023-04-16 23:32:18 GMT","https://pukicho.tumblr.com/post/714801611752554496/i-am-a-gamer-so-zelda-tears-of-the-fallen-kingdom","pukicho","","[]","I am a gamer so Zelda tears of the fallen kingdom, I‚Äôm gonna call it right now, I think Gannon is gonna be a cool guy that u hang out with, and he‚Äôs gonna be kinda chill. thats my cool game theory"
"2023-04-16 20:05:56 GMT","https://pukicho.tumblr.com/post/714788627896467456/salsas-wares-pukicho-your-old-pal-pukicho-is","pukicho","","[]","salsas-wares:

pukicho:

  your old pal pukicho is not in the best spirits today. ur ol pal pukicho needs some cheering up

i don‚Äôt think you deserve it

I am no longer sad now I just want to get you"
"2023-04-15 21:20:45 GMT","https://pukicho.tumblr.com/post/714702737944788992/your-old-pal-pukicho-is-not-in-the-best-spirits","pukicho","","[]","your old pal pukicho is not in the best spirits today. ur ol pal pukicho needs some cheering up"
"2023-04-14 21:31:41 GMT","https://pukicho.tumblr.com/post/714612829832036352/itschrisboys-pukicho-i-think-there-should-be","pukicho","","[]","itschrisboys:

  pukicho:

  I think there should be levels to the death penalty. Like if u kill one guy, then you just get lethal injection or whatever, but if you kill 30 guys, which is pretty bad, you get shot out a canon whilst silly circus music plays in the background. 

or we could just‚Ä¶.not kill people? i mean, supermax prisons exist for a reason.

Funny big clown cannons exist for a reason too"
"2023-04-14 18:07:43 GMT","https://pukicho.tumblr.com/post/714599996981395456/thrawngirl9-pukicho-i-am-now-leaving-my-3-week","pukicho","","[]","thrawngirl9:

pukicho:

  I am now leaving my 3 week hiatus that I didn‚Äôt tell any of you about but it happened and now I am fucking back 

It‚Äôs not like we noticed you dissapear

thats because i am incredibly smart and left my hiatus 30 times to make more posts"
"2023-04-14 18:01:53 GMT","https://pukicho.tumblr.com/post/714599629633830912/i-am-now-leaving-my-3-week-hiatus-that-i-didnt","pukicho","","[]","I am now leaving my 3 week hiatus that I didn‚Äôt tell any of you about but it happened and now I am fucking back"
"2023-04-14 17:51:27 GMT","https://pukicho.tumblr.com/post/714598973650993152/i-think-there-should-be-levels-to-the-death","pukicho","","[]","I think there should be levels to the death penalty. Like if u kill one guy, then you just get lethal injection or whatever, but if you kill 30 guys, which is pretty bad, you get shot out a canon whilst silly circus music plays in the background."
"2023-04-14 08:15:27 GMT","https://pukicho.tumblr.com/post/714562734552907776/saw-this-robot-toilet-at-the-restaurant-was-too","pukicho","","[]","Saw this robot toilet at the restaurant. Was too scared to pee in it so I pissed adjacent to it on th floor."
"2023-04-08 17:40:33 GMT","https://pukicho.tumblr.com/post/714054706111053824/thebirdthedog-pukicho-40-sharks-vs-one-kid","pukicho","","[]","thebirdthedog:

pukicho:

  40 sharks vs one kid, go 

on land or underwater?

The sharks are in water the kid is currently in Austin Texas."
"2023-04-08 17:38:41 GMT","https://pukicho.tumblr.com/post/714054588820602880/40-sharks-vs-one-kid-go","pukicho","","[]","40 sharks vs one kid, go"
"2023-04-07 20:41:35 GMT","https://pukicho.tumblr.com/post/713975498989076480/shout-out-to-the-dark","pukicho","","[]","Shout out to the dark"
"2023-04-06 18:28:10 GMT","https://pukicho.tumblr.com/post/713876507266842624/being-rick-rolled-was-a-nice-troll-back-in-the","pukicho","","[]","Being rick-rolled was a nice troll back in the day, nowadays you dox people and tell them to die, which is a better troll I guess but I miss the simplicity of it all."
"2023-04-04 03:33:41 GMT","https://pukicho.tumblr.com/post/713639037850796032/doctor-140000-a-year-furry-artist-on-patreon","pukicho","","[]","kolbye:

hokuto-ju-no-ken:

pukicho:

bog-dweller-official:

 pukicho:

boob-a-chu:

 trilllizard420:

pukicho:

trilllizard420:

pukicho:

Doctor: $140,000 a year

Furry artist on Patreon: $160,000 a year 

i think you‚Äôre lowballing the furry art amount tbh

I‚Äôm sorry for the inaccuracies, Doctor Yiff

no matter how I respond to this I don‚Äôt look good, well played. i walked right into that

Well, furry artists are typically more competent and courteous than your average doctor, so I can see that.

Did you just legitimately tell me that a person who draws wolf ass is more competent than a dude who spent 8+ years in a university to give you your lung transplant?

doctors are bullshit and furry artists perform an infinitely more valuable service to society compared to them

You will die in 7 days 

It took doctor‚Äôs like 10 years to diagnose what was wrong with me, some insisting I was faking for attention while a furry artist I knew just went ‚Äúthat sounds like crohn‚Äôs‚Äù after hearing me complain once and ended up being right

Also I can‚Äôt go to a doctor and ask them to draw Rouge the Bat wider than she is tall with tits to match, now can I

You could if you weren‚Äôt a fucking coward"
"2023-03-30 00:38:44 GMT","https://pukicho.tumblr.com/post/713175045970837504/schools-must-bring-back-the-dunce-cap","pukicho","","[]","schools must bring back the dunce cap"
"2023-03-29 17:12:50 GMT","https://pukicho.tumblr.com/post/713146992670507008/yes-of-course","pukicho","","[]","No offense i mean no offense really but i HATE seeing these normal-ass people at the top of my page, these fucking normals, normal weirdo freaks

Yes of course"
"2023-03-29 17:11:22 GMT","https://pukicho.tumblr.com/post/713146900062355456/no-offense-i-mean-no-offense-really-but-i-hate","pukicho","","[]","No offense i mean no offense really but i HATE seeing these normal-ass people at the top of my page, these fucking normals, normal weirdo freaks"
"2023-03-27 23:36:43 GMT","https://pukicho.tumblr.com/post/712989950353735680/baddasses-drive-their-harley-davison-into-a","pukicho","","[]","Baddasses drive their harley davison into a convenience store, killing three"
"2023-03-27 06:45:02 GMT","https://pukicho.tumblr.com/post/712926300960161792/this-one-was-for-the-fans","pukicho","","[]","neitheism:

pukicho:

M

wheres the rest of the post

this one was for the fans"
"2023-03-26 19:51:28 GMT","https://pukicho.tumblr.com/post/712885182382882816/m","pukicho","","[]","M"
"2023-03-23 19:36:39 GMT","https://pukicho.tumblr.com/post/712612458736582656/pukicho-i-am-so-lonely-sike-i-am-actually","pukicho","","[]","i am so lonely 

SIKE! I am actually badass as fuck"
"2023-03-23 19:36:18 GMT","https://pukicho.tumblr.com/post/712612436492124160/i-am-so-lonely","pukicho","","[]","i am so lonely"
"2023-03-23 00:34:43 GMT","https://pukicho.tumblr.com/post/712540614307266560/i-am-not-evil-i-am-just-fucked-up-in-an-evil","pukicho","","[]","I am not evil, I am just fucked up in an evil sorta way"
"2023-03-22 08:02:06 GMT","https://pukicho.tumblr.com/post/712478164389117952/pukicho-pukicho-i-would-love-to-visit-some","pukicho","","[]","pukicho:

I would love to visit some innocent happy gnome village and just start stompin 

Imagine the fear"
"2023-03-21 00:20:56 GMT","https://pukicho.tumblr.com/post/712358553230426112/pukicho-skyeblackout-pukicho-i-cast-curse-on","pukicho","","[]","skyeblackout:

pukicho:

  I cast curse on you

What kind of curse pukicho

Makes you like and reblog"
"2023-03-21 00:19:34 GMT","https://pukicho.tumblr.com/post/712358467787210752/i-cast-curse-on-you","pukicho","","[]","I cast curse on you"
"2023-03-20 19:54:21 GMT","https://pukicho.tumblr.com/post/712341781968257024","pukicho","","[]","thetrueomega:

pukicho:

soulsminecraftvillagernoises:

pukicho:

Hey guys, cool new trick i found 

Green

This isn‚Äôt new

Gfeen 

not your best post

I do not make posts for your satisfaction, I am not your slave-whore. 

Green"
"2023-03-20 17:52:33 GMT","https://pukicho.tumblr.com/post/712334118571163648/hey-guys-cool-new-trick-i-found-green","pukicho","","[]","Hey guys, cool new trick i found 

Green"
"2023-03-20 00:29:01 GMT","https://pukicho.tumblr.com/post/712268465051942912/linkthebeast-pukicho-vivid-hallucidations","pukicho","","[]","linkthebeast:

pukicho:

  vivid-hallucidations:

pukicho:

  Okay really, rate the mona lisa out of 10 

2

U wanna give ur reasoning? 

Ugly ass bitch

This feels very personal"
"2023-03-19 20:13:15 GMT","https://pukicho.tumblr.com/post/712252373227175936/i-got-food-poisoning-here-but-look-at-the-cool","pukicho","","[]","I got food poisoning here but look at the cool fire spoon"
"2023-03-18 09:10:53 GMT","https://pukicho.tumblr.com/post/712120104629026816/okay-really-rate-the-mona-lisa-out-of-10","pukicho","","[]","Okay really, rate the mona lisa out of 10"
"2023-03-18 00:13:04 GMT","https://pukicho.tumblr.com/post/712086267792408576/pukicho-lunasgraey-pukicho-i-hate-basic","pukicho","","[]","lunasgraey:

pukicho:

  I hate basic babies. Goo goo gaa gaa, stacking blocks and shit, listen to aphex twin 

Weren‚Äôt you a basic baby once?

I ate a cricket, I was hardcore .

that‚Äôs badass"
"2023-03-18 00:03:58 GMT","https://pukicho.tumblr.com/post/712085695416631296/i-hate-basic-babies-goo-goo-gaa-gaa-stacking","pukicho","","[]","I hate basic babies. Goo goo gaa gaa, stacking blocks and shit, listen to aphex twin"
"2023-03-17 04:15:51 GMT","https://pukicho.tumblr.com/post/712010945791164416/lavendorii-pukicho-shout-out-to-corrupt","pukicho","","[]","lavendorii:

pukicho:

  Shout out to corrupt politicians !!!!

why is there so much hate in your heart‚Ä¶

I am so sorry, I will never talk about how much I love corrupt politicians ever again."
"2023-03-17 04:13:35 GMT","https://pukicho.tumblr.com/post/712010802536775680/shout-out-to-corrupt-politicians","pukicho","","[]","Shout out to corrupt politicians !!!!"
"2023-03-15 22:20:34 GMT","https://pukicho.tumblr.com/post/711897995780734976/have-faith-in-me","pukicho","","[]","0ryza13:

pukicho:

somedankpenguin:

pukicho:

If I ran a zoo, i would allow my guests to hang out with the animals, I think it would generate a lot of interest into my zoo. 

Would your guests be the animals lol, guaranteed lawsuit otherwise

Have faith in me

I mean this is the whole point of petting zoos. So really it just depends what kind of animals you‚Äôve got in mind.

Have faith in me"
"2023-03-15 20:58:22 GMT","https://pukicho.tumblr.com/post/711892823971151872/if-i-ran-a-zoo-i-would-allow-my-guests-to-hang","pukicho","","[]","If I ran a zoo, i would allow my guests to hang out with the animals, I think it would generate a lot of interest in my zoo."
"2023-03-14 10:29:30 GMT","https://pukicho.tumblr.com/post/711762661978882048/the-orcs-and-the-lizard-folk-have-decided-on","pukicho","","[]","The orcs and the lizard-folk have decided on peace, now is the time for us gnomes to rise"
"2023-03-14 10:28:13 GMT","https://pukicho.tumblr.com/post/711762581837234176/comedy-is-tragedy-boioioiiingg","pukicho","","[]","pukicho:

Comedy is tragedy 

BOIOIOIIINGG"
"2023-03-14 10:27:06 GMT","https://pukicho.tumblr.com/post/711762511334178816","pukicho","","[]","lunaticobscurity:

yeahiwasintheshit:"
"2023-03-09 20:00:35 GMT","https://pukicho.tumblr.com/post/711345607146668032/snurm-pukicho","pukicho","","[]","snurm:

pukicho:

  TZZZZZZZZZzzzzzzzzZZZzzzZZZzZzzzZZZZZZzzzzZZZZZZ you can hear this in your brain rn, I am shooting pure electricity into you brain, listen, this isn‚Äôt a joke listen TzzzzzzZZZZzzzzzzZZZzzzzzzzzzzzzzzzzzZZZZZZzzzZZZ

Holy shit!!!
This is awesome for you. This is awesome for you."
"2023-03-09 19:56:06 GMT","https://pukicho.tumblr.com/post/711345324922404864/tzzzzzzzzzzzzzzzzzzzzzzzzzzzzzzzzzzzzzzzzzzzzzzz","pukicho","","[]","TZZZZZZZZZzzzzzzzzZZZzzzZZZzZzzzZZZZZZzzzzZZZZZZ you can hear this in your brain rn, I am shooting pure electricity into you brain, listen, this isn‚Äôt a joke listen TzzzzzzZZZZzzzzzzZZZzzzzzzzzzzzzzzzzzZZZZZZzzzZZZ"
"2023-03-08 04:58:00 GMT","https://pukicho.tumblr.com/post/711198224905617408/go-echo-kid-pukicho-i-love-making-shit-up-and","pukicho","","[]","go-echo-kid:

pukicho:

  I love making shit up and lying to people and never telling them the truth 

How do we know you‚Äôre not making this up too?

Because I am also very honest"
"2023-03-08 04:07:37 GMT","https://pukicho.tumblr.com/post/711195054601060352/i-love-making-shit-up-and-lying-to-people-and","pukicho","","[]","I love making shit up and lying to people and never telling them the truth"
"2023-03-07 04:50:46 GMT","https://pukicho.tumblr.com/post/711107172436705280/heyhh-hey-i-have-the-fanatec-dd1-racing-rig","pukicho","","[]","heyhH hey i have the fanatec DD1 racing rig wheelbase and r300 wheel I am looking to sell it to someone on the west coast who is an enthusiast about racing!!! Its hard to sell without shipping costs getting high across the country so I‚Äôm asking here!!!!

ALSO i have a schitt lyr 3 with tube to sell if ur an audiophile looking for WARMTH"
"2023-03-07 04:19:19 GMT","https://pukicho.tumblr.com/post/711105193744465920/hhhhhheyyryhhhhhhhghghraggggggggggh","pukicho","","[]","HHHHHHEYYRYHHHHHHHGHGHRAGGGGGGGGGGH"
"2023-03-07 03:01:10 GMT","https://pukicho.tumblr.com/post/711100276992557056/what-should-i-draw","pukicho","","[]","what should I draw"
"2023-03-02 21:21:08 GMT","https://pukicho.tumblr.com/post/710716496224141312","pukicho","","['YEAH!']","toki-wren:

pukicho:

If i could replace all porn on the internet with scary ghost pictures i would"
"2023-03-02 20:10:29 GMT","https://pukicho.tumblr.com/post/710712051097550848/if-i-could-replace-all-porn-on-the-internet-with","pukicho","","[]","If i could replace all porn on the internet with scary ghost pictures i would"
"2023-03-02 11:20:06 GMT","https://pukicho.tumblr.com/post/710678682575011840/positivementalaxolotl-pukicho-no-pain-no-gain","pukicho","","[]","positivementalaxolotl:

pukicho:

  no pain no gain"" is coping cause I‚Äôm comfy and they‚Äôre not

Who exactly is ‚Äúthey‚Äù Puki?

Idk hard workers? healthy people? Fuck em."
"2023-03-02 08:17:47 GMT","https://pukicho.tumblr.com/post/710667211458691072/no-pain-no-gain-is-coping-cause-im-comfy-and","pukicho","","[]","no pain no gain"" is coping cause I‚Äôm comfy and they‚Äôre not"
"2023-03-02 01:29:27 GMT","https://pukicho.tumblr.com/post/710641522177097728/pukicho-ahh-i-hope-i-dont-slip-and-fall-and","pukicho","","[]","Ahh I hope I don‚Äôt slip and fall and accidentally beat the shit outta everyone"
"2023-02-27 21:27:51 GMT","https://pukicho.tumblr.com/post/710445127383007232/spoopy-chipster-pukicho-b-why-does-this","pukicho","","['because fuck the universe']","spoopy-chipster:

pukicho:

  b

why does this have over 1,500 notes"
"2023-02-26 10:10:12 GMT","https://pukicho.tumblr.com/post/710311896464670720/b","pukicho","","[]","b"
"2023-02-25 10:39:47 GMT","https://pukicho.tumblr.com/post/710223160937693184/when-something-bad-happens-in-front-of-me-i-like","pukicho","","[]","When something bad happens in front of me I like standing at a distance and occasionally going ‚ÄúYeesh!‚Äù or ‚ÄúYIKES!‚Äù. its my small way of helping."
"2023-02-24 19:41:55 GMT","https://pukicho.tumblr.com/post/710166672327229440/pukicho-this-one-is-for-the-minecraft-fans","pukicho","","[]","This one is for the minecraft fans. This is what I think would happen if Minecraft Steve saw a round person. He would be so scared he‚Äôd try to kill it in fear."
"2023-02-23 12:45:57 GMT","https://pukicho.tumblr.com/post/710049904218800128/if-your-ui-doesnt-look-like-this-i-am-not-playing","pukicho","","[]","If your UI doesn‚Äôt look like this

I am not playing your game"
"2023-02-22 08:14:21 GMT","https://pukicho.tumblr.com/post/709942219798347776/maryslittlehoard-pukicho-slug-growth-is-up","pukicho","","[]","maryslittlehoard:

pukicho:

  slug growth is up 20% perrcent 

Are you jealous?

I fucking hate tumblr"
"2023-02-22 07:58:40 GMT","https://pukicho.tumblr.com/post/709941233651466240/slug-growth-is-up-20-perrcent","pukicho","","[]","slug growth is up 20% perrcent"
"2023-02-22 00:47:13 GMT","https://pukicho.tumblr.com/post/709914089063890944/how-do-i-remove-this-tumblr-live-thing-i-dont","pukicho","","[]","How do I remove this tumblr live thing,. I don‚Äôt want to see theses little creatures"
"2023-02-21 19:45:58 GMT","https://pukicho.tumblr.com/post/709895135776980992/pukicho-pukicho-i-looked-up-my-name-on-google","pukicho","","[]","pukicho:

I looked up my name on google because I‚Äôm a freak and there are so many, so so many FAKE SHIRTS???

Who are these fucking people.

They clearly ripped the image directly from my tumblr post or something, without upscaling it so it looks all blurry and muddy. Who is buying knockoff pukicho merch?? I am not popular enough to deserve this much knockoff merch.

Anyways if u want the real shirt HERE, please don‚Äôt buy these I think you will lose your identity. 

  Hey guys here‚Äôs my cool new exclusive shirt, be sure not to copy it and sell it on your store and make millions of dollars, this is my unique design 

Because of my doctors vs furries post, keep up"
"2023-02-21 06:12:51 GMT","https://pukicho.tumblr.com/post/709843978711859200/pukicho-i-looked-up-my-name-on-google-because-im","pukicho","","[]","I looked up my name on google because I‚Äôm a freak and there are so many, so so many FAKE SHIRTS???

Who are these fucking people.

They clearly ripped the image directly from my tumblr post or something, without upscaling it so it looks all blurry and muddy. Who is buying knockoff pukicho merch?? I am not popular enough to deserve this much knockoff merch.

Anyways if u want the real shirt HERE, please don‚Äôt buy these I think you will lose your identity. 

  Hey guys here‚Äôs my cool new exclusive shirt, be sure not to copy it and sell it on your store and make millions of dollars, this is my unique design"
"2023-02-21 00:21:44 GMT","https://pukicho.tumblr.com/post/709821889020870656/the-life-of-creatures-is-the-one-i-want-to-live","pukicho","","[]","The life of creatures is the one I want to live"
"2023-02-20 23:35:32 GMT","https://pukicho.tumblr.com/post/709818982458343424/i-looked-up-my-name-on-google-because-im-a-freak","pukicho","","[]","I looked up my name on google because I‚Äôm a freak and there are so many, so so many FAKE SHIRTS???

Who are these fucking people.

They clearly ripped the image directly from my tumblr post or something, without upscaling it so it looks all blurry and muddy. Who is buying knockoff pukicho merch?? I am not popular enough to deserve this much knockoff merch.

Anyways if u want the real shirt HERE, please don‚Äôt buy these I think you will lose your identity."
"2023-02-18 04:42:21 GMT","https://pukicho.tumblr.com/post/709566494800003072/c00kiejar-pukicho-i-am-currently-investing-in","pukicho","","[]","c00kiejar:

pukicho:

  I am currently investing in currency 

Money can be exchanged for goods and services

I just want to feel again"
"2023-02-18 00:35:21 GMT","https://pukicho.tumblr.com/post/709550954786209793/i-am-currently-investing-in-currency","pukicho","","[]","I am currently investing in currency"
"2023-02-18 00:35:07 GMT","https://pukicho.tumblr.com/post/709550939941584896/pukicho-pukicho-illuminatisalami-pukicho","pukicho","","[]","pukicho:

  illuminatisalami:

  pukicho:

  pukicho:

Pukicho is one of the smartest men I know 

Sorry guys, Stephen fucking Hawking took my phone 

Isn‚Äôt he dead

What?

Who the fuck was that then"
"2023-02-17 06:38:16 GMT","https://pukicho.tumblr.com/post/709483190065217536/i-have-released-awesome-gasses-into-the-air","pukicho","","[]","I have released awesome gasses into the air"
"2023-02-17 06:24:52 GMT","https://pukicho.tumblr.com/post/709482347671781376/roamspider-pukicho-imagine-me-popping-bubble","pukicho","","[]","roamspider:

pukicho:

  Imagine me popping bubble wrap inside your brain bp bp bp bp bp 

Puki get the fuck outta there

I am eating your neurons"
"2023-02-15 06:26:32 GMT","https://pukicho.tumblr.com/post/709301258450812928/imagine-me-popping-bubble-wrap-inside-your-brain","pukicho","","[]","Imagine me popping bubble wrap inside your brain bp bp bp bp bp"
"2023-02-14 19:08:07 GMT","https://pukicho.tumblr.com/post/709258576338780160/homosexualisopod-pukicho-this-is-incredibly","pukicho","","[]","homosexualisopod:

pukicho:

  This is incredibly specific but every time I think of Osama being killed I think of some 50 year old Midwestern white guy in America looking at his TV and going ‚Äúholy moly, we got bin laden‚Äù and he‚Äôs holding a diet coke and he has a beer belly. 

Why are you thinking about my dad

Happy Valentines day"
"2023-02-14 19:02:28 GMT","https://pukicho.tumblr.com/post/709258220653395968/this-is-incredibly-specific-but-every-time-i-think","pukicho","","[]","This is incredibly specific but every time I think of Osama being killed I think of some 50 year old Midwestern white guy in America looking at his TV and going ‚Äúholy moly, we got bin laden‚Äù and he‚Äôs holding a diet coke and he has a beer belly."
"2023-02-14 06:49:42 GMT","https://pukicho.tumblr.com/post/709212118428303360/i-just-saw-a-big-giant-behemoth-megaton-ass-on","pukicho","","[]","I just saw a big, giant, behemoth megaton ass on my dash, I asked you to STOP posting shit like that."
"2023-02-13 18:17:28 GMT","https://pukicho.tumblr.com/post/709164792466800641/freak","pukicho","","[]","girlzrok-99:

pukicho:

If ur a fan of sci-fi then boy do I have some exciting news for u

OMG what is it? üòÉ

Nerd

Freak"
"2023-02-13 09:08:18 GMT","https://pukicho.tumblr.com/post/709130242114060288/if-ur-a-fan-of-sci-fi-then-boy-do-i-have-some","pukicho","","[]","If ur a fan of sci-fi then boy do I have some exciting news for u"
"2023-02-13 08:45:12 GMT","https://pukicho.tumblr.com/post/709128788052787200/if-some-smart-old-british-sounding-wizard-angrily","pukicho","","[]","If some smart old British-sounding wizard angrily called me a nincompoop for spilling over one of his potions I think I‚Äôd cry"
"2023-02-13 03:11:34 GMT","https://pukicho.tumblr.com/post/709107798099836928/echos-girlfriend-girlzrok-99-pukicho-guys","pukicho","","[]","echos-girlfriend:

girlzrok-99:

  pukicho:

  Guys we need to team up to murder that one neighbor who leaves their dog outside for too long 

What about the neighbor that plays music too loud?

What about the neighbor that‚Äôs shoots his gun all night 

I am scared of your neighbor"
"2023-02-13 01:59:00 GMT","https://pukicho.tumblr.com/post/709103232476217344/guys-we-need-to-team-up-to-murder-that-one","pukicho","","[]","Guys we need to team up to murder that one neighbor who leaves their dog outside for too long"
"2023-02-11 17:55:10 GMT","https://pukicho.tumblr.com/post/708982195755401216","pukicho","","['OUGH YEAH']","lionfloss:

Craters in Iceland by h0rdur"
